,total_eur,freight_eur,passengers_eur
flood_DERP_RW_H_4326_2080430240,5427421.889182759,2820390.5045673745,2607031.3846153845
flood_DERP_RW_H_4326_2080430320,1711264.6439201704,47212.41315093989,1664052.2307692305
flood_DERP_RW_L_4326_2080428500,74788268.74428403,47059358.74428403,27728910.000000004
flood_DERP_RW_L_4326_2080430240,54274218.89182758,28203905.04567374,26070313.846153848
flood_DERP_RW_L_4326_2080430320,30944709.817721482,14304187.510029174,16640522.307692308
flood_DERP_RW_M_4326_2080430240,10854843.778365519,5640781.009134749,5214062.769230769
flood_DERP_RW_M_4326_2080430320,6188941.963544296,2860837.5020058355,3328104.461538461
